<?xml version="1.0" encoding="UTF-8"?>
<urn:PolicyFragment id="SecondFactor" name="Second_Factor" inputContractId="FragmentSubject" outputContractId="samplePolicyContract" lastModifiedMillis="1615383042533" xmlns:urn="urn:pingidentity.com:pf:policy:fragment">
    <urn:policy context="">
        <urn:AstAction fragmentId="Adaptive_Auth" xsi:type="urn:FragmentActionType" xmlns:urn="urn:pingidentity.com:pf:authn-selection" xmlns:xsi="http://www.w3.org/2001/XMLSchema-instance">
            <urn:fallbackToSuccess>false</urn:fallbackToSuccess>
            <urn:AttributeMapping>
                <urn1:AttributeMap Name="subject" Type="Inputs" AttributeSourceId="inputs" Value="subject" xmlns:urn1="urn:sourceid.org:saml2:metadata-extension:v2"/>
                <urn1:TokenAuthorizationIssuanceCriteria xmlns:urn1="urn:sourceid.org:saml2:metadata-extension:v2"/>
            </urn:AttributeMapping>
        </urn:AstAction>
        <urn1:AstChild context="Fail" xmlns:urn1="urn:pingidentity.com:pf:authn-selection">
            <urn:AstAction noOpType="DONE" xsi:type="urn:NoOpActionType" xmlns:urn="urn:pingidentity.com:pf:authn-selection" xmlns:xsi="http://www.w3.org/2001/XMLSchema-instance"/>
        </urn1:AstChild>
        <urn1:AstChild context="Success" xmlns:urn1="urn:pingidentity.com:pf:authn-selection">
            <urn:AstAction noOpType="DONE" xsi:type="urn:NoOpActionType" xmlns:urn="urn:pingidentity.com:pf:authn-selection" xmlns:xsi="http://www.w3.org/2001/XMLSchema-instance"/>
        </urn1:AstChild>
    </urn:policy>
    <urn:description>Used for Adaptive Authentication - Step Up based on Risk Score</urn:description>
</urn:PolicyFragment>