<?xml version="1.0" encoding="UTF-8"?>
<sk:systemKeys xmlns:sk="http://pingidentity.com/2018/01/system-keys">
    <sk:currentKey>
        <sk:key>eyJhbGciOiJkaXIiLCJlbmMiOiJBMTI4Q0JDLUhTMjU2Iiwia2lkIjoiWFFXZkxVUGlNQiIsInZlcnNpb24iOiIxMC4yLjIuMCIsInppcCI6IkRFRiJ9..JkutdRIbAx6UVPD718rM8A.Egm1hTx25Vphz0g6Gj9rREcGsKop8ZOaznYuOuJys7FIB1IwD_49rTzjs2FHIGKB.-cIFSJ7VA4zxwxs2Pd40ww</sk:key>
        <sk:generatedTime>2021-03-10T13:28:22.019Z</sk:generatedTime>
    </sk:currentKey>
    <sk:previousKey xsi:nil="true" xmlns:xsi="http://www.w3.org/2001/XMLSchema-instance"/>
    <sk:pendingKey>
        <sk:key>eyJhbGciOiJkaXIiLCJlbmMiOiJBMTI4Q0JDLUhTMjU2Iiwia2lkIjoiWFFXZkxVUGlNQiIsInZlcnNpb24iOiIxMC4yLjIuMCIsInppcCI6IkRFRiJ9..Qtc3wtvyvjpPetwNkwbCwQ.Fq9e-qJ4hgC5fA13xGj3bLnsJOTKwQSwLGsmU9gjXxC05JBC75qsx9kKij70b5lR.G--w5JoIqA5GkzUHxFOZRQ</sk:key>
        <sk:generatedTime>2021-03-10T13:28:22.019Z</sk:generatedTime>
    </sk:pendingKey>
</sk:systemKeys>