<?xml version="1.0" encoding="UTF-8"?>
<urn:PluginConfiguration isInheritExtendedContractAttributes="false" name="UserPass" xmlns:urn="urn:sourceid.org:saml2:adapter:conf">
    <urn:Fields/>
    <urn:AdvancedFields/>
    <urn:Tables>
        <urn:Table name="Users">
            <urn:Row defaultRow="false">
                <urn:Field name="Username">joe</urn:Field>
                <urn:Field name="Password">DHAQtU8WorrAQjI33hBxCMKESShcBJYLNpXk44aXtvI.0ytICGYc.2</urn:Field>
                <urn:Field name="Confirm Password">9OOITfrDdu8g1PVFnFCUeYJI6v0S2UKpLtugJbODixw.Sz-LvN9b.2</urn:Field>
                <urn:Field name="Relax Password Requirements">false</urn:Field>
            </urn:Row>
            <urn:Row defaultRow="false">
                <urn:Field name="Username">sarah</urn:Field>
                <urn:Field name="Password">NdHWwyZMJdaXL7towTf8wqiwNPf37tIbgn2jgC2VRQo.sQd3NH7W.2</urn:Field>
                <urn:Field name="Confirm Password">x4m8OkViUUxxJ9Lctxivwaz1cGKlr7aM0BjLfppC7Jc.KJUhie8P.2</urn:Field>
                <urn:Field name="Relax Password Requirements">false</urn:Field>
            </urn:Row>
            <urn:Row defaultRow="false">
                <urn:Field name="Username">scott</urn:Field>
                <urn:Field name="Password">_b-Y0YGgt_3UokGTxwRCeQoIak5nX1Yy52JPWw9TuY0.YoD4UpzE.2</urn:Field>
                <urn:Field name="Confirm Password">GL_muhLco6rMBzoY7gGboTBLHaBuyMss_IacIFYIiDY.D7MshJ28.2</urn:Field>
                <urn:Field name="Relax Password Requirements">false</urn:Field>
            </urn:Row>
        </urn:Table>
    </urn:Tables>
</urn:PluginConfiguration>