<?xml version="1.0" encoding="UTF-8"?>
<urn:PluginConfiguration isInheritExtendedContractAttributes="false" name="Sample CIBA (PingOne MFA)" xmlns:urn="urn:sourceid.org:saml2:adapter:conf">
    <urn:Fields>
        <urn:Field name="PingOne Environment">PingOneConnection|b4aa32d4-4c8e-40b6-819c-fee814eb4093</urn:Field>
        <urn:Field name="Application Client ID">3073868d-a30d-4a98-a049-caabdafe068b</urn:Field>
        <urn:Field name="Application Client Secret">eyJhbGciOiJkaXIiLCJlbmMiOiJBMTI4Q0JDLUhTMjU2Iiwia2lkIjoiWFFXZkxVUGlNQiIsInZlcnNpb24iOiIxMC4yLjIuMCJ9..j624kROYU99xYm2xhTZlTw._X_rKgDfVdunggmrpXAn8at8GRvp0isU-Fg40Mhk0bb8_vjHT6dkC8WDOh4Uim1-H0rEdSQpxhXIWEHMGVaQoXziRDiIDrYAfo6X5P4flOs.PYqHuknq-h1564I5t3ytsQ</urn:Field>
        <urn:Field name="PingOne Authentication Policy">Standalone_MFA</urn:Field>
        <urn:Field name="Test Username">user.0</urn:Field>
        <urn:Field name="PingOne Template Name">transaction</urn:Field>
        <urn:Field name="PingOne Template Variant"/>
        <urn:Field name="Client Context">#*
Define additional key/value pairs to be received at the mobile application.
The following variables are available by default:

$oobAuthRequestContext - Context for the out-of-band authentication/authorization request
$languagePackMessages - The language-pack file configured for this authenticator
$subject - The user's PingOne username or user ID.
$JSONValue - A JSON utility class that can be used to escape text and convert objects to JSON.
   Methods:
       escape(String s) - Escape quotes, \, /, \r, \n, \b, \f, \t and other control characters (U+0000 through U+001F).
       toJSONString(Object value) - Convert an object to JSON text.

Additionally, any Extended Contract attributes are also available using the $name syntax.

Example:

{
   "requestingApplicationName": "$JSONValue.escape($oobAuthRequestContext.requestingApplication.name)",
   "requestedScope": $JSONValue.toJSONString($oobAuthRequestContext.requestedScope.values()),
   "amount": "$JSONValue.escape($amount)",
   "alert.color": "red"
}
*#</urn:Field>
        <urn:Field name="Messages Files">pingone-mfa-messages</urn:Field>
        <urn:Field name="API Request Timeout">5000</urn:Field>
        <urn:Field name="Proxy Settings">System Defaults</urn:Field>
        <urn:Field name="Custom Proxy Host"/>
        <urn:Field name="Custom Proxy Port"/>
    </urn:Fields>
    <urn:AdvancedFields>
        <urn:Field name="Test Username">user.0</urn:Field>
        <urn:Field name="PingOne Template Name">transaction</urn:Field>
        <urn:Field name="PingOne Template Variant"/>
        <urn:Field name="Client Context">#*
Define additional key/value pairs to be received at the mobile application.
The following variables are available by default:

$oobAuthRequestContext - Context for the out-of-band authentication/authorization request
$languagePackMessages - The language-pack file configured for this authenticator
$subject - The user's PingOne username or user ID.
$JSONValue - A JSON utility class that can be used to escape text and convert objects to JSON.
   Methods:
       escape(String s) - Escape quotes, \, /, \r, \n, \b, \f, \t and other control characters (U+0000 through U+001F).
       toJSONString(Object value) - Convert an object to JSON text.

Additionally, any Extended Contract attributes are also available using the $name syntax.

Example:

{
   "requestingApplicationName": "$JSONValue.escape($oobAuthRequestContext.requestingApplication.name)",
   "requestedScope": $JSONValue.toJSONString($oobAuthRequestContext.requestedScope.values()),
   "amount": "$JSONValue.escape($amount)",
   "alert.color": "red"
}
*#</urn:Field>
        <urn:Field name="Messages Files">pingone-mfa-messages</urn:Field>
        <urn:Field name="API Request Timeout">5000</urn:Field>
        <urn:Field name="Proxy Settings">System Defaults</urn:Field>
        <urn:Field name="Custom Proxy Host"/>
        <urn:Field name="Custom Proxy Port"/>
    </urn:AdvancedFields>
    <urn:Tables>
        <urn:Table name="PingOne Template Variables"/>
    </urn:Tables>
    <urn:ExtendedContractAttributes/>
</urn:PluginConfiguration>