<?xml version="1.0" encoding="UTF-8"?>
<urn:AdapterConfiguration authnCtxClassRef="" isInheritAttributeSettings="false" isInheritAttributeMapping="false" maskOgnlValues="false" uniqueUserKeyField="pf_none" isInheritExtendedContractAttributes="false" name="CIAM MFA Adapter" xmlns:urn="urn:sourceid.org:saml2:adapter:conf">
    <urn:Fields>
        <urn:Field name="PingOne Environment">PingOneConnection|b4aa32d4-4c8e-40b6-819c-fee814eb4093</urn:Field>
        <urn:Field name="PingOne Population">a8cc1892-e543-481a-b755-c90682a9fb40</urn:Field>
        <urn:Field name="Application Client ID">b88fea6e-beaf-4502-b848-1e5e270bcf88</urn:Field>
        <urn:Field name="Application Client Secret">eyJhbGciOiJkaXIiLCJlbmMiOiJBMTI4Q0JDLUhTMjU2Iiwia2lkIjoiWFFXZkxVUGlNQiIsInZlcnNpb24iOiIxMC4yLjIuMCJ9..NlIBGF5FknCXhTZMSaPozw.4PQv7pSwP5FgvaXZY5jHRilQ2B1ErhhhQDMUS_Z-5VGLqlM9YXAtGXukx88AfGvuWDK0HYaUuxhdaJ3SDltlozMm0WP_D5gPdZTSbMFebEI.h0pOOt2W77Dig-R9U2OoLA</urn:Field>
        <urn:Field name="PingOne Authentication Policy"/>
        <urn:Field name="Test Username"/>
        <urn:Field name="HTML Template Prefix">pingone-mfa</urn:Field>
        <urn:Field name="Messages Files">pingone-mfa-messages</urn:Field>
        <urn:Field name="User Not Found Failure Mode">Block user</urn:Field>
        <urn:Field name="Service Unavailable Failure Mode">Bypass authentication</urn:Field>
        <urn:Field name="Email Attribute">mail</urn:Field>
        <urn:Field name="Change Device">Allow</urn:Field>
        <urn:Field name="Show Success Screens">true</urn:Field>
        <urn:Field name="Show Error Screens">true</urn:Field>
        <urn:Field name="Show Timeout Screens">true</urn:Field>
        <urn:Field name="API Request Timeout">5000</urn:Field>
        <urn:Field name="Proxy Settings">System Defaults</urn:Field>
        <urn:Field name="Custom Proxy Host"/>
        <urn:Field name="Custom Proxy Port"/>
        <urn:Field name="Provision Users and Authentication Methods">true</urn:Field>
        <urn:Field name="Update Authentication Methods">true</urn:Field>
        <urn:Field name="Username Attribute"/>
        <urn:Field name="SMS Attribute">sms</urn:Field>
        <urn:Field name="DEFAULT AUTHENTICATION METHOD FOR PROVISIONED USERS">SMS</urn:Field>
    </urn:Fields>
    <urn:AdvancedFields>
        <urn:Field name="Test Username"/>
        <urn:Field name="HTML Template Prefix">pingone-mfa</urn:Field>
        <urn:Field name="Messages Files">pingone-mfa-messages</urn:Field>
        <urn:Field name="User Not Found Failure Mode">Block user</urn:Field>
        <urn:Field name="Service Unavailable Failure Mode">Bypass authentication</urn:Field>
        <urn:Field name="Email Attribute">mail</urn:Field>
        <urn:Field name="Change Device">Allow</urn:Field>
        <urn:Field name="Show Success Screens">true</urn:Field>
        <urn:Field name="Show Error Screens">true</urn:Field>
        <urn:Field name="Show Timeout Screens">true</urn:Field>
        <urn:Field name="API Request Timeout">5000</urn:Field>
        <urn:Field name="Proxy Settings">System Defaults</urn:Field>
        <urn:Field name="Custom Proxy Host"/>
        <urn:Field name="Custom Proxy Port"/>
        <urn:Field name="Provision Users and Authentication Methods">true</urn:Field>
        <urn:Field name="Update Authentication Methods">true</urn:Field>
        <urn:Field name="Username Attribute"/>
        <urn:Field name="SMS Attribute">sms</urn:Field>
        <urn:Field name="DEFAULT AUTHENTICATION METHOD FOR PROVISIONED USERS">SMS</urn:Field>
    </urn:AdvancedFields>
    <urn:Tables/>
    <urn:ExtendedContractAttributes/>
    <urn:UniqueKeyField>username</urn:UniqueKeyField>
    <urn:AttributeMapping>
        <urn1:AttributeMap Name="access_token" Type="Adapter" Value="access_token" xmlns:urn1="urn:sourceid.org:saml2:metadata-extension:v2"/>
        <urn1:AttributeMap Name="pingone.mfa.status" Type="Adapter" Value="pingone.mfa.status" xmlns:urn1="urn:sourceid.org:saml2:metadata-extension:v2"/>
        <urn1:AttributeMap Name="id_token" Type="Adapter" Value="id_token" xmlns:urn1="urn:sourceid.org:saml2:metadata-extension:v2"/>
        <urn1:AttributeMap Name="pingone.mfa.status.reason" Type="Adapter" Value="pingone.mfa.status.reason" xmlns:urn1="urn:sourceid.org:saml2:metadata-extension:v2"/>
        <urn1:AttributeMap Name="username" Type="Adapter" Value="username" xmlns:urn1="urn:sourceid.org:saml2:metadata-extension:v2"/>
        <urn1:TokenAuthorizationIssuanceCriteria xmlns:urn1="urn:sourceid.org:saml2:metadata-extension:v2"/>
    </urn:AttributeMapping>
</urn:AdapterConfiguration>