<?xml version="1.0" encoding="UTF-8"?>
<con:config xmlns:con="http://www.sourceid.org/2004/05/config">
    <con:item name="EnableEmailNotification">true</con:item>
    <con:item name="EnableEmailPasswordNotification">false</con:item>
    <con:item name="EnableCertificateExpirationNotification">false</con:item>
    <con:item name="EnableMetadataEventNotification">true</con:item>
    <con:item name="UseSSL">false</con:item>
    <con:item name="UseTLS">false</con:item>
    <con:item name="VerifyHostname">false</con:item>
    <con:item name="UseDebugging">false</con:item>
    <con:item name="NotificationTo">curtis-3c5e07@inbox.mailtrap.io</con:item>
    <con:item name="NotificationCertificateExpirationTo"/>
    <con:item name="NotificationCertInitialEvent"/>
    <con:item name="NotificationCertFinalEvent"/>
    <con:item name="NotificationMetadataEventsTo">curtis-3c5e07@inbox.mailtrap.io</con:item>
    <con:item name="NotificationPublisherCertificates"/>
    <con:item name="NotificationPublisherLicensing">smtp</con:item>
    <con:item name="SmsProviderAccountId"/>
    <con:item name="SmsProviderFromNumber"/>
    <con:item name="SMTPPort">25</con:item>
    <con:item name="SSLSMTPPort">465</con:item>
    <con:item name="Timeout"/>
    <con:item name="RetryAttempts">2</con:item>
    <con:item name="RetryDelay">2</con:item>
    <con:item name="NotificationFrom"/>
    <con:item name="NotificationLicensingEventsTo">curtis-3c5e07@inbox.mailtrap.io</con:item>
    <con:item name="NotificationPublisherAccountChanges"/>
</con:config>